iBD 바이브 코딩 · 레지스트리,,,,,,
금 09:00 제출 = 여기에 한 줄 추가. report.html의 '레지스트리 한 줄 복사' 버튼이 만들어준다.  기획서·리포트 링크는 적지 않는다 — 갤러리가 URL + /docs/plan.html 로 유도한다.  파일 → 웹에 게시 → 이 시트 → CSV 로 게시할 것.,,,,,,
주황색 3줄은 갤러리 화면을 만들어보기 위한 더미다. S02 첫 제출이 들어오면 지운다.,,,,,,
,,,,,,
스프린트,만든 사람,제목,URL,스택 카드,내 옵션,한 줄 소개
DUMMY,홍길동,예시 · 팀 갤러리,https://example.com/gallery,배포 / 호스팅,Vercel,더미 데이터입니다. 카드가 이렇게 보입니다.
DUMMY,김철수,예시 · ASIN 스크랩북,https://example.com/scrap,데이터 저장,Firestore,같은 주제를 다른 스택으로 만든 예시.
DUMMY,이영희,예시 · 가격 수집기,https://example.com/price,크롤링,Playwright,세 줄이면 목록·정렬·필터를 다 확인할 수 있습니다.
,,,,,,
,,,,,,
,,,,,,
,,,,,,
,,,,,,
,,,,,,
,,,,,,
,,,,,,
,,,,,,
,,,,,,
,,,,,,
,,,,,,
,,,,,,
,,,,,,
,,,,,,
,,,,,,
,,,,,,
,,,,,,
,,,,,,
,,,,,,
,,,,,,
,,,,,,
,,,,,,
,,,,,,
,,,,,,
,,,,,,
,,,,,,
,,,,,,
,,,,,,
,,,,,,
,,,,,,
,,,,,,
,,,,,,
,,,,,,
,,,,,,
,,,,,,
,,,,,,
,,,,,,
,,,,,,
,,,,,,
S01,제이든,팀 갤러리,https://example.com/jayden,배포 / 호스팅,Cloudflare Pages,추가 테스트 행
